ProjectName,MeetingType,MeetingDate,MeetingYear,Status,Finalized,InProgress,InProgressNote,ActionTaken,StartTime,StaffCode,Title,MinutesURL,DocDate,LocationName,Latitude,Longitude
PZ&DB General Meeting Records,PZDB Meeting,2026-12-08,2026,Accepted,Yes,Yes,Meeting date is in the future — the public process has not concluded. PZ&DB project and location mapping in EagleGIS is still in progress; individual development projects are not fully catalogued yet. Residents can still comment through Engage Estero or Village eComment.,,,,PZ&DB Meeting Minutes — 2026-12-08,https://estero-fl.gov/wp-content/uploads/library-ada/minutes/2026%20Minutes/PZDB/12082026%20PZDB%20Minutes.pdf,2026-12-08,Village of Estero Council Chambers,26.4361,-81.8062
PZ&DB General Meeting Records,PZDB Meeting,2026-11-10,2026,Accepted,Yes,Yes,Meeting date is in the future — the public process has not concluded. PZ&DB project and location mapping in EagleGIS is still in progress; individual development projects are not fully catalogued yet. Residents can still comment through Engage Estero or Village eComment.,,,,PZ&DB Meeting Minutes — 2026-11-10,https://estero-fl.gov/wp-content/uploads/library-ada/minutes/2026%20Minutes/PZDB/11102026%20PZDB%20Minutes.pdf,2026-11-10,Village of Estero Council Chambers,26.4361,-81.8062
PZ&DB General Meeting Records,PZDB Meeting,2026-10-13,2026,Accepted,Yes,Yes,Meeting date is in the future — the public process has not concluded. PZ&DB project and location mapping in EagleGIS is still in progress; individual development projects are not fully catalogued yet. Residents can still comment through Engage Estero or Village eComment.,,,,PZ&DB Meeting Minutes — 2026-10-13,https://estero-fl.gov/wp-content/uploads/library-ada/minutes/2026%20Minutes/PZDB/10132026%20PZDB%20Minutes.pdf,2026-10-13,Village of Estero Council Chambers,26.4361,-81.8062
PZ&DB General Meeting Records,PZDB Meeting,2026-09-08,2026,Accepted,Yes,Yes,Meeting date is in the future — the public process has not concluded. PZ&DB project and location mapping in EagleGIS is still in progress; individual development projects are not fully catalogued yet. Residents can still comment through Engage Estero or Village eComment.,,,,PZ&DB Meeting Minutes — 2026-09-08,https://estero-fl.gov/wp-content/uploads/library-ada/minutes/2026%20Minutes/PZDB/09082026%20PZDB%20Minutes.pdf,2026-09-08,Village of Estero Council Chambers,26.4361,-81.8062
PZ&DB General Meeting Records,PZDB Meeting,2026-08-11,2026,Accepted,Yes,Yes,Meeting date is in the future — the public process has not concluded. PZ&DB project and location mapping in EagleGIS is still in progress; individual development projects are not fully catalogued yet. Residents can still comment through Engage Estero or Village eComment.,,,,PZ&DB Meeting Minutes — 2026-08-11,https://estero-fl.gov/wp-content/uploads/library-ada/minutes/2026%20Minutes/PZDB/08112026%20PZDB%20Minutes.pdf,2026-08-11,Village of Estero Council Chambers,26.4361,-81.8062
PZ&DB General Meeting Records,PZDB Meeting,2026-07-14,2026,Accepted,Yes,Yes,Meeting date is in the future — the public process has not concluded. PZ&DB project and location mapping in EagleGIS is still in progress; individual development projects are not fully catalogued yet. Residents can still comment through Engage Estero or Village eComment.,,,,PZ&DB Meeting Minutes — 2026-07-14,https://estero-fl.gov/wp-content/uploads/library-ada/minutes/2026%20Minutes/PZDB/07142026%20PZDB%20Minutes.pdf,2026-07-14,Village of Estero Council Chambers,26.4361,-81.8062
PZ&DB General Meeting Records,PZDB Meeting,2026-06-09,2026,Accepted,Yes,Yes,PZ&DB project and location mapping in EagleGIS is still in progress; individual development projects are not fully catalogued yet. Residents can still comment through Engage Estero or Village eComment.,,,,PZ&DB Meeting Minutes — 2026-06-09,https://estero-fl.gov/wp-content/uploads/library-ada/minutes/2026%20Minutes/PZDB/06092026%20PZDB%20Minutes.pdf,2026-06-09,Village of Estero Council Chambers,26.4361,-81.8062
PZ&DB General Meeting Records,PZDB Meeting,2026-05-12,2026,Accepted,Yes,Yes,PZ&DB project and location mapping in EagleGIS is still in progress; individual development projects are not fully catalogued yet. Residents can still comment through Engage Estero or Village eComment.,,,,PZ&DB Meeting Minutes — 2026-05-12,https://estero-fl.gov/wp-content/uploads/library-ada/minutes/2026%20Minutes/PZDB/05122026%20PZDB%20Minutes.pdf,2026-05-12,Village of Estero Council Chambers,26.4361,-81.8062
PZ&DB General Meeting Records,PZDB Meeting,2026-04-14,2026,Accepted,Yes,Yes,PZ&DB project and location mapping in EagleGIS is still in progress; individual development projects are not fully catalogued yet. Residents can still comment through Engage Estero or Village eComment.,,,,PZ&DB Meeting Minutes — 2026-04-14,https://estero-fl.gov/wp-content/uploads/library-ada/minutes/2026%20Minutes/PZDB/04142026%20PZDB%20Minutes.pdf,2026-04-14,Village of Estero Council Chambers,26.4361,-81.8062
PZ&DB General Meeting Records,PZDB Meeting,2026-03-10,2026,Accepted,Yes,Yes,PZ&DB project and location mapping in EagleGIS is still in progress; individual development projects are not fully catalogued yet. Residents can still comment through Engage Estero or Village eComment.,,,,PZ&DB Meeting Minutes — 2026-03-10,https://estero-fl.gov/wp-content/uploads/library-ada/minutes/2026%20Minutes/pzdb/03102026%20%20%20PZDB%20Minutes.pdf,2026-03-10,Village of Estero Council Chambers,26.4361,-81.8062
PZ&DB General Meeting Records,PZDB Meeting,2026-02-10,2026,Accepted,Yes,Yes,PZ&DB project and location mapping in EagleGIS is still in progress; individual development projects are not fully catalogued yet. Residents can still comment through Engage Estero or Village eComment.,,,,PZ&DB Meeting Minutes — 2026-02-10,https://estero-fl.gov/wp-content/uploads/library-ada/minutes/2026%20Minutes/pzdb/02102026%20%20%20PZDB%20Minutes.pdf,2026-02-10,Village of Estero Council Chambers,26.4361,-81.8062
BERT Rail Trail,Regular Council Meeting,2026-01-21,2026,Cancelled,Cancelled,No,,Meeting Cancelled,9:30 AM,,Regular Council Meeting — 2026-01-21,https://estero-fl.gov/wp-content/uploads/library-ada/minutes/2026%20Minutes/01212026.pdf,2026-01-21,BERT Rail Trail Corridor,26.4339,-81.8157
PZ&DB General Meeting Records,PZDB Meeting,2026-01-13,2026,Accepted,Yes,Yes,PZ&DB project and location mapping in EagleGIS is still in progress; individual development projects are not fully catalogued yet. Residents can still comment through Engage Estero or Village eComment.,,,,PZ&DB Meeting Minutes — 2026-01-13,https://estero-fl.gov/wp-content/uploads/library-ada/minutes/2026%20Minutes/pzdb/01132026%20%20PZDB%20Minutes.pdf,2026-01-13,Village of Estero Council Chambers,26.4361,-81.8062
PZ&DB General Meeting Records,PZDB Meeting,2025-12-09,2025,Accepted,Yes,Yes,PZ&DB project and location mapping in EagleGIS is still in progress; individual development projects are not fully catalogued yet. Residents can still comment through Engage Estero or Village eComment.,,,,PZ&DB Meeting Minutes — 2025-12-09,https://estero-fl.gov/wp-content/uploads/library-ada/minutes/2025%20Minutes/PZDB/12092025%20PZDB%20Minutes.pdf,2025-12-09,Village of Estero Council Chambers,26.4361,-81.8062
BERT Rail Trail,Regular Council Meeting,2025-12-03,2025,Accepted,Yes,No,,Adopted Resolution No. 2025-27. | Adopted Resolution No. 2025-28. | Adopted Resolution No 2025-24 and authorize the Village Manager to execute the related Interlocal Agreement with the Lee County Property Appraiser to administer the assessment process. | Adopted Resolution No. 2025-25 and authorize the Village Manager to execute the related Interlocal Agreement with the Lee County Property Appraiser to administer the assessment process. | Adopted Ordinance No. 2025-16 on first reading and to schedule a second reading and | Adopted Ordinance No. 2025-13.,9:30 AM,td/CS,Regular Council Meeting — 2025-12-03,https://estero-fl.gov/wp-content/uploads/library-ada/minutes/2025%20Minutes/Council/12032025.pdf,2025-12-03,"Cypress Bend, Estero, FL",26.4469,-81.8116
PZ&DB General Meeting Records,PZDB Meeting,2025-11-18,2025,Accepted,Yes,Yes,PZ&DB project and location mapping in EagleGIS is still in progress; individual development projects are not fully catalogued yet. Residents can still comment through Engage Estero or Village eComment.,"Approved the Development Order with staff stipulations and the correction of the hours of operation | Discount Tire - Development Order (DOS2025-E002) (District 4) 10411 Corkscrew Commons Drive, a vacant 1-acre site located in Estero Interstate Commerce Park, fronting Corkscrew Road and between Rib City and Mr. Tequila. The applicant seeks to construct a7. Action: Approved the Development Order with staff stipulations and the correction of the hours of operation | Recommended approval to the Village Council with staff conditions | 4741 Broadway Ave. West (Cooper Property) - Rezoning (REZ2025-E001) (District 2) A triangular 0.36-acre parcel on the south side of Broadway Avenue West, across from Riverwoods Plantation and adjacent to the Florida Power & Light Company right-of-way. No . Action: Recommended approval to the Village Council with staff conditions | Approved request for outdoor consumption on premises with staff conditions | Toasted Yolk - COP Administrative Amendment (ADD2025-E007) (District 1) 22941 Lyden Drive Suite 110, located west of US 41, east of Lyden Drive and south of Vandenberg Way. The unit was formerly occupied by Zoe's Kitchen. Applicant is seeking approval of . Action: Approved request for outdoor consumption on premises with staff conditions",,,PZ&DB Meeting Minutes — 2025-11-18,https://estero-fl.gov/wp-content/uploads/library-ada/minutes/2025%20Minutes/PZDB/11182025%20PZDB%20Minutes.pdf,2025-11-18,"10411 Corkscrew Commons Drive, Estero, FL",26.43208733128,-81.781417998383
PZ&DB General Meeting Records,PZDB Meeting,2025-10-14,2025,Accepted,Yes,Yes,PZ&DB project and location mapping in EagleGIS is still in progress; individual development projects are not fully catalogued yet. Residents can still comment through Engage Estero or Village eComment.,"No formal action recorded. Coconut Point Developers LLC - Developer Paint Project (District 6) (Planned Development Amendment - Pending) 23106 Fashion Drive, Coconut Point Mall is located east of US 41 and north of Coconut Road. Staff Presentation/Comments Mary Gibbs, Community Development Director Nancy Stroud, Land Use Attorney Presentation/Information by Scott Richardson, Simon Kristin Mulkey, Bartlett, Hartley & Mulkey Architects Tracy Boland, Simon Public Comment eComments Julie Melchiore, Cascades Cindy Gleysteen, Shadow Wood In Person Kathy Sevcheck, Rapallo Rupert Foreman, Coconut Point Board Questions or Comments Board Members Jeannin, Jones, Wallace, Tatooles, Williams, Paivandy, and Vice Chairman Sheeley | Coconut Point Developers LLC - Developer Paint Project (District 6) (Planned Development Amendment - Pending) 23106 Fashion Drive, Coconut Point Mall is located east of US 41 and north of Coconut Road. Staff Presentation/Comments Mary Gibbs, Community Dev. Action: No formal action recorded. Coconut Point Developers LLC - Developer Paint Project (District 6) (Planned Development Amendment - Pending) 23106 Fashion Drive, Coconut Point Mall is located east of US 41 and north of Coconut Road. Sta...",,,PZ&DB Meeting Minutes — 2025-10-14,https://estero-fl.gov/wp-content/uploads/library-ada/minutes/2025%20Minutes/PZDB/10142025%20PZDB%20Minutes.pdf,2025-10-14,"23106 Fashion Drive, Estero, FL",26.404693008589,-81.807764164083
PZ&DB General Meeting Records,PZDB Meeting,2025-09-09,2025,Accepted,Yes,Yes,PZ&DB project and location mapping in EagleGIS is still in progress; individual development projects are not fully catalogued yet. Residents can still comment through Engage Estero or Village eComment.,"Approved the Development Order with staff stipulations and the additional condition the applicant will install the Western perimeter wall and Western row of Sabal Palms within 120 days of commencement of the project | Coconut Trace Hotel-Tract F (DOS2025-E007) (District 1) 22910 Lyden Drive, located west of US 41 across from the Coconut Point Mall. Applicant seeks to develop a 122-room, 4-story hotel on Tract F. Rezoning action was recently approved February 5, 2025, v. Action: Approved the Development Order with staff stipulations and the additional condition the applicant will install the Western perimeter wall and Western row of Sabal Palms within 120 days of commencement of the project | Approved the Development Order with staff stipulations and the additional conditions the contractor will try to retain the Heritage Tree and if it dies it will have to be replaced and the Village has drainage easement over the conveyance swale that conveys off-site | Broadway Crossing formerly named Mayfair Village (DOS2025-E006) (District 4) 8790 Broadway East, located south of Broadway East and west of Sandy Lane and east of the Seminole Gulf Railroad right-of-way. Applicant seeks to develop 17 single-family units o. Action: Approved the Development Order with staff stipulations and the additional conditions the contractor will try to retain the Heritage Tree and if it dies it will have to be replaced and the Village has drainage easement over the conve... | Approved the Development Order with staff stipulations | Summercrest previously known as Toll Brothers Development Order (DOS2024- E008) (District 4) Applicant seeks to develop 153 townhome units, amenities, utilities and infrastructure. Plans include a public use area. No ex parte communication or conflicts of. Action: Approved the Development Order with staff stipulations",,,PZ&DB Meeting Minutes — 2025-09-09,https://estero-fl.gov/wp-content/uploads/library-ada/minutes/2025%20Minutes/PZDB/09092025%20PZDB%20Minutes.pdf,2025-09-09,"Summercrest / Estero Townhomes site, 9301 Corkscrew Road, Estero, FL",26.432264859989,-81.801155452524
PZ&DB General Meeting Records,PZDB Meeting,2025-08-12,2025,Accepted,Yes,Yes,PZ&DB project and location mapping in EagleGIS is still in progress; individual development projects are not fully catalogued yet. Residents can still comment through Engage Estero or Village eComment.,"Approved the Development Order with staff stipulations | Shadow Wood C.C. Lifestyle Center (DOS2025-E004) (District 6) 22801 Oakwilde Boulevard, located in the development next to the Shadow Wood clubhouse. No ex parte communication or conflicts of interest were noted. Action: Approved the Development Order with staff stipulations",,,PZ&DB Meeting Minutes — 2025-08-12,https://estero-fl.gov/wp-content/uploads/library-ada/minutes/2025%20Minutes/PZDB/08122025%20PZDB%20Minutes.pdf,2025-08-12,"22801 Oakwilde Boulevard, Estero, FL",26.40717652459,-81.789995954274
PZ&DB General Meeting Records,PZDB Meeting,2025-07-08,2025,Accepted,Yes,Yes,PZ&DB project and location mapping in EagleGIS is still in progress; individual development projects are not fully catalogued yet. Residents can still comment through Engage Estero or Village eComment.,"Approved Development Order with staff recommendations and the following conditions; applicant will work with staff to minimize the use of green screens and incorporate other architectural elements to break up the long walls and use of green screens where appropriate, and no deliveries earlier than 7 am and no later than 9 pm | Aldi - 11906 Newbridge Court, Development Order (DOS2025-E001) (District 5) Located east of Stoneybrook Golf Drive and south of Corkscrew Road on Newbridge Court. Action: Approved Development Order with staff recommendations and the following conditions; applicant will work with staff to minimize the use of green screens and incorporate other architectural elements to break up the long walls and use of green screens where appropriate, and no deliveries earlier than 7 am and no later than 9 pm | Approved the monument sign subject to further negotiations on the location | Eagle Walk (Coastal Village) Monument Signs (LDO2025-E020) (District 6) Located north of Estero Parkway between Three Oaks Parkway and I-75. No ex parte communication or conflicts of interest were noted. Board Member Jones and Vice Chairman Sheeley disclo. Action: Approved the monument sign subject to further negotiations on the location",,,PZ&DB Meeting Minutes — 2025-07-08,https://estero-fl.gov/wp-content/uploads/library-ada/minutes/2025%20Minutes/PZDB/07082025%20PZDB%20Minutes.pdf,2025-07-08,"Estero Parkway & Three Oaks Parkway, Estero, FL",26.449389004358,-81.788946037082
BERT Rail Trail,Regular Council Meeting,2025-07-02,2025,Accepted,Yes,No,,Adopted Resolution No. 2025-10. | Adopted Resolution No. 2025-11. | Passed first reading of Ordinance No. 2025-07 and set second reading and,9:30 AM,td/CS,Regular Council Meeting — 2025-07-02,https://estero-fl.gov/wp-content/uploads/library-ada/minutes/2025%20Minutes/Council/07022025.pdf,2025-07-02,"Home2 Suites proposed hotel site, Coconut Point Mall, Estero, FL",26.403277778,-81.808611111
BERT Rail Trail,Regular Council Meeting,2025-06-18,2025,Accepted,Yes,No,,"Passed first reading of Ordinance No. 2025-05 and set second reading for June 18, 2025. | Passed first reading of Ordinance No. 2025-04 and set second reading for July 2, 2025. | Passed first reading of Ordinance No. 2025-06 and Set | Passed first reading of Ordinance No. 2025-08 and Set | Approved continuance to July 2 , 2025 for Condition 10 only.",9:30 AM,td/CS,Regular Council Meeting — 2025-06-18,https://estero-fl.gov/wp-content/uploads/library-ada/minutes/2025%20Minutes/Council/06182025.pdf,2025-06-18,"River Oaks Preserve, Estero, FL",26.4420079,-81.7993579
PZ&DB General Meeting Records,PZDB Meeting,2025-06-10,2025,Accepted,Yes,Yes,PZ&DB project and location mapping in EagleGIS is still in progress; individual development projects are not fully catalogued yet. Residents can still comment through Engage Estero or Village eComment.,Approved COP Administrative Amendment with stipulations provided by staff | Piccolo Buco - Piccolo Buco - Marketplace at Coconut Point - COP-Administrative Amendment (ADD2025-E005) (District 6) Located at the southern portion of Marketplace at Coconut Point between US 41 and Via Villagio and identified as Building III on the Deve. Action: Approved COP Administrative Amendment with stipulations provided by staff,,,PZ&DB Meeting Minutes — 2025-06-10,https://estero-fl.gov/wp-content/uploads/library-ada/minutes/2025%20Minutes/PZDB/06102025%20PZDB%20Minutes.pdf,2025-06-10,"22800 Via Villagio, Estero, FL",26.412588048918,-81.811355977231
BERT Rail Trail,Regular Council Meeting,2025-05-21,2025,Accepted,Yes,No,,"Approved send ing notification letter and affidavit signed by Mayor to Florida Department of Commerce . | Approved the award of Contract 25035 with LandDesign, Inc. to prepare the Village of Estero Eco -Historic planning study for $430,000, approve a $43,000 contingency for additional services that may be required to complete the project, and authorize the Village Manager to sign the contract and other additional implementing documents within the scope of the contract on behalf of the Village of Estero | Approved the award of landscaping, mowing and irrigation services for Village roadways for P & T Lawn & Tractor, for an amount not to exceed $2,896,517.52 annually, approve a $200,000 Contingency for additional services that may be required to complete the project, and authorize the Village Manager to sign the purchase order and other additional implementing documents on behalf of the Village of Estero | Approved awards of landscaping, mowing and irrigation services for Village roadways for Mainscape, Inc., in an amount not to exceed $1,432,600 annually, and to P & T Lawn & Tractor, for an amount not to exceed $581,107 annually. Vote : (Roll Call) Aye: | Approved GMP Addendum 2 for contract EC 2024 - 12 CMAR for Wright Construction to complete the site work and utility installation for the Estero Entertainment Campus for $ 9,536,910 and authorize the Village Manager to sign the contract and other additional implementation documents within the scope of the GMP addendum on behalf of the Village of Estero",9:30 AM,td/CS,Regular Council Meeting — 2025-05-21,https://estero-fl.gov/wp-content/uploads/library-ada/minutes/2025%20Minutes/Council/05212025.pdf,2025-05-21,"Home2 Suites proposed hotel site, Coconut Point Mall, Estero, FL",26.403277778,-81.808611111
